{
  "Full Fusion (684D)": {
    "42": {
      "per_task": {
        "WM": {
          "fNIRS": 0.07899420708417892,
          "eye": 0.9210057258605957
        },
        "SR": {
          "fNIRS": 0.07943950593471527,
          "eye": 0.9205605387687683
        },
        "LI": {
          "fNIRS": 0.48486244678497314,
          "eye": 0.5151375532150269
        },
        "EF": {
          "fNIRS": 0.3159944713115692,
          "eye": 0.684005618095398
        },
        "VA": {
          "fNIRS": 0.383976548910141,
          "eye": 0.6160233616828918
        }
      },
      "overall": {
        "fNIRS": 0.24154610931873322,
        "eye": 0.7584539651870728
      }
    },
    "50": {
      "per_task": {
        "WM": {
          "fNIRS": 0.07518119364976883,
          "eye": 0.924818754196167
        },
        "SR": {
          "fNIRS": 0.0814228504896164,
          "eye": 0.9185770750045776
        },
        "LI": {
          "fNIRS": 0.4390196204185486,
          "eye": 0.5609804391860962
        },
        "EF": {
          "fNIRS": 0.30970555543899536,
          "eye": 0.6902943849563599
        },
        "VA": {
          "fNIRS": 0.4230637848377228,
          "eye": 0.5769361853599548
        }
      },
      "overall": {
        "fNIRS": 0.2474278211593628,
        "eye": 0.7525721788406372
      }
    },
    "75": {
      "per_task": {
        "WM": {
          "fNIRS": 0.07921772450208664,
          "eye": 0.9207823276519775
        },
        "SR": {
          "fNIRS": 0.08899287134408951,
          "eye": 0.9110072255134583
        },
        "LI": {
          "fNIRS": 0.4852725863456726,
          "eye": 0.5147272944450378
        },
        "EF": {
          "fNIRS": 0.3087385594844818,
          "eye": 0.6912614703178406
        },
        "VA": {
          "fNIRS": 0.4358491003513336,
          "eye": 0.564150869846344
        }
      },
      "overall": {
        "fNIRS": 0.25653618574142456,
        "eye": 0.7434637546539307
      }
    },
    "100": {
      "per_task": {
        "WM": {
          "fNIRS": 0.1194743886590004,
          "eye": 0.8805257081985474
        },
        "SR": {
          "fNIRS": 0.08199214935302734,
          "eye": 0.9180077910423279
        },
        "LI": {
          "fNIRS": 0.5017184615135193,
          "eye": 0.4982815980911255
        },
        "EF": {
          "fNIRS": 0.3090125024318695,
          "eye": 0.6909875273704529
        },
        "VA": {
          "fNIRS": 0.4267476201057434,
          "eye": 0.5732524394989014
        }
      },
      "overall": {
        "fNIRS": 0.26505035161972046,
        "eye": 0.7349497079849243
      }
    }
  },
  "No-OC (582D)": {
    "42": {
      "per_task": {
        "WM": {
          "fNIRS_noOC": 0.08092185109853745,
          "fNIRS_OC": 0.0,
          "eye": 0.9190782904624939
        },
        "SR": {
          "fNIRS_noOC": 0.07905609905719757,
          "fNIRS_OC": 0.0,
          "eye": 0.9209439754486084
        },
        "LI": {
          "fNIRS_noOC": 0.5009728670120239,
          "fNIRS_OC": 0.0,
          "eye": 0.4990271031856537
        },
        "EF": {
          "fNIRS_noOC": 0.30540645122528076,
          "fNIRS_OC": 0.0,
          "eye": 0.6945935487747192
        },
        "VA": {
          "fNIRS_noOC": 0.3903254270553589,
          "fNIRS_OC": 0.0,
          "eye": 0.6096745729446411
        }
      },
      "overall": {
        "fNIRS_noOC": 0.2430613934993744,
        "fNIRS_OC": 0.0,
        "eye": 0.756938636302948
      }
    },
    "50": {
      "per_task": {
        "WM": {
          "fNIRS_noOC": 0.07576467096805573,
          "fNIRS_OC": 0.0,
          "eye": 0.9242353439331055
        },
        "SR": {
          "fNIRS_noOC": 0.08585602790117264,
          "fNIRS_OC": 0.0,
          "eye": 0.914143979549408
        },
        "LI": {
          "fNIRS_noOC": 0.4390091896057129,
          "fNIRS_OC": 0.0,
          "eye": 0.5609908103942871
        },
        "EF": {
          "fNIRS_noOC": 0.31027787923812866,
          "fNIRS_OC": 0.0,
          "eye": 0.6897221803665161
        },
        "VA": {
          "fNIRS_noOC": 0.4105112552642822,
          "fNIRS_OC": 0.0,
          "eye": 0.5894887447357178
        }
      },
      "overall": {
        "fNIRS_noOC": 0.24648791551589966,
        "fNIRS_OC": 0.0,
        "eye": 0.7535122036933899
      }
    },
    "75": {
      "per_task": {
        "WM": {
          "fNIRS_noOC": 0.07698794454336166,
          "fNIRS_OC": 0.0,
          "eye": 0.9230121374130249
        },
        "SR": {
          "fNIRS_noOC": 0.08970826119184494,
          "fNIRS_OC": 0.0,
          "eye": 0.9102917313575745
        },
        "LI": {
          "fNIRS_noOC": 0.48832547664642334,
          "fNIRS_OC": 0.0,
          "eye": 0.5116744041442871
        },
        "EF": {
          "fNIRS_noOC": 0.3083917200565338,
          "fNIRS_OC": 0.0,
          "eye": 0.6916082501411438
        },
        "VA": {
          "fNIRS_noOC": 0.4362306296825409,
          "fNIRS_OC": 0.0,
          "eye": 0.5637693405151367
        }
      },
      "overall": {
        "fNIRS_noOC": 0.25814077258110046,
        "fNIRS_OC": 0.0,
        "eye": 0.7418592572212219
      }
    },
    "100": {
      "per_task": {
        "WM": {
          "fNIRS_noOC": 0.11891070753335953,
          "fNIRS_OC": 0.0,
          "eye": 0.8810893893241882
        },
        "SR": {
          "fNIRS_noOC": 0.0839834064245224,
          "fNIRS_OC": 0.0,
          "eye": 0.9160165786743164
        },
        "LI": {
          "fNIRS_noOC": 0.512998104095459,
          "fNIRS_OC": 0.0,
          "eye": 0.487001895904541
        },
        "EF": {
          "fNIRS_noOC": 0.31018999218940735,
          "fNIRS_OC": 0.0,
          "eye": 0.6898099780082703
        },
        "VA": {
          "fNIRS_noOC": 0.42431116104125977,
          "fNIRS_OC": 0.0,
          "eye": 0.5756888389587402
        }
      },
      "overall": {
        "fNIRS_noOC": 0.2654860317707062,
        "fNIRS_OC": 0.0,
        "eye": 0.7345139980316162
      }
    }
  }
}