task,total,significant,proportion
EF,1044,190,0.18199233716475097
SR,180,45,0.25
VA,4644,855,0.18410852713178294
